<application>
  <component name="dataSourceStorage" format="xml" multifile-model="true">
    <data-source source="LOCAL" name="MySQL - usercenter@mysql01-dev-wan.beeselect.net" uuid="c5c5cb2e-f70f-4268-afea-2741758bdced">
      <driver-ref>mysql.8</driver-ref>
      <synchronize>true</synchronize>
      <jdbc-driver>com.mysql.cj.jdbc.Driver</jdbc-driver>
      <jdbc-url>jdbc:mysql://mysql01-dev-wan.beeselect.net:13336/usercenter?useUnicode=true&amp;characterEncoding=utf-8&amp;useSSL=false&amp;serverTimezone=GMT%2B8&amp;allowPublicKeyRetrieval=true&amp;allowMultiQueries=true</jdbc-url>
      <working-dir>$ProjectFileDir$</working-dir>
    </data-source>
    <data-source source="LOCAL" name="test@purchase@10.0.1.86" uuid="ac79eecd-b7c7-49a1-ab1c-7b19b2498bb5">
      <driver-ref>oracle.19</driver-ref>
      <synchronize>true</synchronize>
      <auto-commit>false</auto-commit>
      <jdbc-driver>oracle.jdbc.OracleDriver</jdbc-driver>
      <jdbc-url>jdbc:oracle:thin:@10.0.1.86:1521:purchase</jdbc-url>
      <working-dir>$ProjectFileDir$</working-dir>
    </data-source>
  </component>
</application>