<application>
  <component name="ProjectManager">
    <defaultProject>
      <component name="MavenImportPreferences">
        <option name="generalSettings">
          <MavenGeneralSettings>
            <option name="localRepository" value="$MAVEN_REPOSITORY$" />
            <option name="userSettingsFile" value="$USER_HOME$/Documents/opt/software/maven/apache-maven-3.6.3/conf/settings.fc.xml" />
          </MavenGeneralSettings>
        </option>
      </component>
      <component name="ProjectDictionaryState">
        <dictionary name="ivan" />
      </component>
      <component name="ProjectInspectionProfilesVisibleTreeState">
        <entry key="Project Default">
          <profile-state>
            <expanded-state>
              <State />
              <State>
                <id>Abstraction issuesJava</id>
              </State>
              <State>
                <id>Android</id>
              </State>
              <State>
                <id>Code style issuesJava</id>
              </State>
              <State>
                <id>CodePlugin DevKit</id>
              </State>
              <State>
                <id>Control flow issuesJava</id>
              </State>
              <State>
                <id>CorrectnessLintAndroid</id>
              </State>
              <State>
                <id>Java</id>
              </State>
              <State>
                <id>LintAndroid</id>
              </State>
              <State>
                <id>LoggingJava</id>
              </State>
              <State>
                <id>MemoryJava</id>
              </State>
              <State>
                <id>PerformanceLintAndroid</id>
              </State>
              <State>
                <id>Plugin DevKit</id>
              </State>
              <State>
                <id>SecurityJava</id>
              </State>
              <State>
                <id>Serialization issuesJava</id>
              </State>
            </expanded-state>
            <selected-state>
              <State>
                <id>SerializableHasSerialVersionUIDField</id>
              </State>
            </selected-state>
          </profile-state>
        </entry>
      </component>
      <component name="ProjectRootManager" version="2" languageLevel="JDK_1_6" project-jdk-name="1.6" project-jdk-type="JavaSDK" />
      <component name="PropertiesComponent">
        <property name="project.structure.last.edited" value="Project" />
        <property name="project.structure.proportion" value="0.17" />
        <property name="project.structure.side.proportion" value="0.2330097" />
        <property name="settings.editor.selected.configurable" value="MavenSettings" />
      </component>
      <component name="masterDetails">
        <states>
          <state key="GlobalLibrariesConfigurable.UI" />
          <state key="JdkListConfigurable.UI" />
          <state key="ProjectLibrariesConfigurable.UI">
            <settings>
              <splitter-proportions>
                <option name="proportions">
                  <list>
                    <option value="0.2330097" />
                  </list>
                </option>
              </splitter-proportions>
            </settings>
          </state>
          <state key="ScopeChooserConfigurable.UI">
            <settings>
              <splitter-proportions>
                <option name="proportions">
                  <list>
                    <option value="0.2" />
                  </list>
                </option>
              </splitter-proportions>
            </settings>
          </state>
        </states>
      </component>
    </defaultProject>
  </component>
</application>