<application>
  <component name="Translation.Cache">
    <option name="lastTrimTime" value="1695613219312" />
  </component>
  <component name="Translation.Settings">
    <option name="aliTranslateSettings">
      <app-key>
        <option name="appId" value="LTAI5tJWsGvbsTxMWcooyyJb" />
      </app-key>
    </option>
    <option name="baiduTranslateSettings">
      <app-key>
        <option name="appId" value="20190218000268474" />
      </app-key>
    </option>
    <option name="primaryLanguage" value="CHINESE" />
    <option name="translator" value="BAIDU" />
  </component>
  <component name="Translation.States">
    <histories>
      <item value="description" />
      <item value="divider" />
      <item value="模版" />
      <item value="ignore Occurrence Context" />
      <item value="instead" />
      <item value="NINE" />
      <item value="2048" />
      <item value="FOUR" />
      <item value="THREE" />
      <item value="星" />
      <item value="start Char" />
      <item value="to Lower Case" />
      <item value="Audit Status Name(" />
      <item value="Before Execution Exclusion File Filter" />
      <item value="Suppress Warnings Filter" />
      <item value="Tree Walker" />
      <item value="fails On Error" />
      <item value="link X Ref" />
      <item value="real Time Persist Rocks DB Config" />
      <item value="new Compact Range Options" />
      <item value="ensure Dir OK" />
      <item value="available Processors" />
      <item value="文件存储" />
      <item value="obs" />
      <item value="oef" />
      <item value="end Point" />
      <item value="MANAGE SYSTEM ID SWITCH" />
      <item value="BINOCULAR" />
      <item value="VARIABLE" />
      <item value="alphabet" />
      <item value="sentinel" />
      <item value="existed" />
      <item value="strategy Type Code" />
      <item value="strategy Type Code Arr" />
      <item value="strategy Code" />
      <item value="ignore Unknown" />
      <item value="Json Ignore Properties" />
      <item value="Darwin" />
      <item value="pandoc" />
      <item value="family" />
      <item value="Handler Processor" />
      <item value="build Strategy" />
      <item value="Processor" />
      <item value="Repeatable" />
      <item value="expose Proxy" />
      <item value="get One Strategy" />
      <item value="strategy" />
      <item value="Application Context Aware" />
      <item value="Admin Engine" />
      <item value="Context" />
    </histories>
    <option name="languageScores">
      <map>
        <entry key="CHINESE" value="459" />
        <entry key="CROATIAN" value="1" />
        <entry key="DANISH" value="1" />
        <entry key="DUTCH" value="1" />
        <entry key="ENGLISH" value="460" />
        <entry key="ESTONIAN" value="1" />
        <entry key="FRENCH" value="3" />
        <entry key="GALICIAN" value="1" />
        <entry key="INDONESIAN" value="1" />
        <entry key="LATIN" value="2" />
        <entry key="RUSSIAN" value="1" />
        <entry key="SLOVAK" value="2" />
        <entry key="TURKISH" value="1" />
        <entry key="WELSH" value="1" />
      </map>
    </option>
  </component>
</application>